question,option1,option2,option3,option4,answer,tag,difficulty
What do cells break down to produce energy?,food,water,chlorophyll,carbon dioxide,1,Science,1
Which change in the state of water particles causes the particle to become arranged in a fixed position?,boiling,melting,freezing,evaporating,3,Science,1
The largest body in our solar system is,sun,moon,jupiter,Neptune,1,Science,1
Which of these will best separate iron filings from sand?,water,magnifying glass,magnet,rubbing alcohol,3,Science,1
Which of the following is most likely to lead to an error in an experiment?,bias,repeated trials,peer review,use of a control,1,Science,1
Which characteristic is affected by interactions with the environment?,weight,eye color,blood type,handedness,1,Science,1
The floating arrow on a compass always points towards the,east,south,west,north,4,Science,1
"Which color shirt will reflect the most light on a hot, sunny day?",black,white,red,green,2,Science,1
Which statement best explains why photosynthesis is the foundation of most food webs?,Sunlight is the source of energy for nearly all ecosystems,Most ecosystems are found on land instead of in water,Carbon dioxide is more available than other gases,The producers in all ecosystems are plants.,1,Science,1
Which of these correctly identifies the way materials are transported in a plant?,Xylem carries water from the roots to the leaves.,Phloem carries minerals from the roots to the leaves.,Xylem carries sugars from the flowers to the stems.,Phloem carries water from the flowers to the stems.,1,Science,1
"If a new moon occurred on June 2, when will the next new moon occur?",Jun-30,Jun-29,Jun-16,Jun-17,1,Science,2
The body of a fish is covered by scales for,decoration,protection,coloration,reproduction,2,Science,2
Uranus is one of the outer planets of the solar system. The average distance of Uranus from the Sun is 2.87 billion kilometers. Which best explains why Uranus revolves in its orbit instead of moving out into space?,The orbit of Neptune limits Uranus.,Gravity pulls Uranus toward the Sun.,Electromagnetic energy pulls on Uranus.,Other planets have the same mass as Uranus.,2,Science,2
A scientist wanting to document a change in a river's flow pattern should observe a river over a period of,days,weeks,months,years,4,Science,2
Which of the following properties provides the BEST way to identify a mineral?,hardness,shape,size,temperature,1,Science,2
In which environment is white fur color an advantage for survival?,desert,grassland,arctic tundra,temperate forest,3,Science,2
"If its food supply in a field decreases, the mouse population in that field will probably",increase,decrease,remain the same,become extinct,2,Science,2
A student wants to look under a heavy rock. Which simple machine would be BEST to use to lift the rock?,wheel and axle,lever,screw,inclined plane,2,Science,2
Which best describes the structure of an atom?,a lightweight core surrounded by neutral particles,a massive core surrounded by negatively-charged particles,a network of interacting positive and negative particles,"overlapping layers of neutral, positive, and negative particles",2,Science,2
Which of these will most likely harm a habitat?,planting trees,water pollution,rainfall,sunlight,2,Science,2
Which process best explains how the Grand Canyon became so wide?,folding,erosion,deposition,sedimentation,2,Science,2
"Seeds that remain inactive until the right conditions of light, water, and soil are present are called ___.",pollen,dormant,flowers,none,2,Science,2
What is the main function of the mitochondria in a cell?,cell structure,protein synthesis,energy production,cell division,3,Science,2
Which gas makes up the majority of Earth's atmosphere?,oxygen,argon,nitrogen,carbon dioxide,3,Science,2
"Which planet is known as the ""Red Planet""?",Jupiter,Mars,Saturn,Venus,2,Science,2
What is the chemical symbol for gold?,Cu,Ag,Fe,Au,4,Science,2
How do plants obtain nutrients from the soil?,stems,roots,leaves,flowers,2,Science,2
Which subatomic particle carries a negative charge?,proton,neutron,electron,nucleus,3,Science,2
What is the main component of Earth's atmosphere by volume?,nitrogen,oxygen,carbon dioxide,argon,1,Science,2
Which part of an atom occupies the majority of the volume?,neutron,proton,nucleus,electron,4,Science,3
What is the ultimate stage in the sequence of energy transformations from a living oak tree being cut down to boiling water by burning its wood?,Thermal energy,Chemical energy,Light energy,Mechanical,1,Science,3
Which type of energy in gasoline is transformed into mechanical energy in a motorcycle engine?,chemical,nuclear,magnetic,electrical,1,Science,3
"To express the distance between the Milky Way galaxy and other galaxies, the most appropriate unit of measurement is the",meter,kilometer,light year,astronomical unit,3,Science,3
Students are investigating the effects of different fertilizers on plant growth. Which units would be best to measure the mass of the fertilizer used?,meters,centimeters,grams,milligrams,3,Science,3
Plants use sunlight to make,soil,mineral,food,water,3,Science,3
"A student throws a ball into the air. While the ball travels up, the speed of the ball decreases. What force causes the ball to slow while traveling up?",electricity,gravity,magnetism,tension,2,Science,3
"While on a movie set, a stuntman jumps off the roof of a building. As he falls toward an airbag, what is increasing?",gravity,wind velocity,kinetic energy,potential energy,3,Science,3
The shape of the moon appears to change regularly during each month. Which of the following best explains why the shape of the moon appears to change?,The Earth turns on its axis,The Moon turns on its axis,The Moon orbits around the Earth,Clouds cover the Moon,3,Science,3
Why is the ozone layer important for life on Earth?,regulates temperature,absorbs carbon dioxide,enhances photosynthesis,blocks harmful UV radiation,4,Science,3
What is the primary role of red blood cells in the human body?,filtering waste,transporting oxygen,producing hormones,digesting food,2,Science,3
What is the process by which plants make their own food using sunlight?,respiration,cellular respiration,photosynthesis,transpiration,3,Science,3
What is the primary function of the nervous system?,filtering waste,transmitting signals,producing hormones,digesting food,2,Science,3
Which gas is responsible for the greenhouse effect on Earth?,nitrous oxide,methane,ozone,carbon dioxide,3,Science,3
What is the role of the nucleus in a cell?,protein synthesis,cell structure,energy production,genetic information storage,4,Science,3
What is the smallest unit of an element that retains its chemical properties?,organism,cell,molecule,atom,4,Science,3
Why does a candle flame always point upward?,static electricity,gravity,magnetic forces,buoyancy of hot air,4,Science,3
What is the primary function of the respiratory system?,gas exchange,transporting nutrients,filtering blood,producing hormones,1,Science,3
How does the process of mitosis contribute to growth and repair in multicellular organisms?,cell division,energy production,photosynthesis,protein synthesis,1,Science,3
What is the role of chlorophyll in photosynthesis?,capturing sunlight,producing oxygen,regulating temperature,absorbing carbon dioxide,1,Science,3
Which food provides the most energy for the body in the shortest amount of time?,milk,meat,fruit,potato,3,Science,4
"When igneous rock is changed into metamorphic rock, which form of energy is this process?",heat,chemical,magnetic,light,1,Science,4
Which of these is the chemical symbol for magnesium?,M,Mg,Mn,Mz,2,Science,4
"While conducting an investigation on refraction, a teacher uses a red laser pointer to show how a beam of light is affected as it passes through several glass objects. The teacher should make sure that the",room is totally dark,light source is ultraviolet,beam of light does not travel toward the students,room walls are shielded with insulating material,3,Science,4
Why does ice float on water?,higher density than liquid water,no effect on density,same density as liquid water,lower density than liquid water,4,Science,4
What is the role of the ozone layer in the Earth's atmosphere?,producing oxygen,regulating temperature,absorbing ultraviolet radiation,enhancing photosynthesis,3,Science,4
How does a prism separate white light into its component colors?,reflection,diffraction,refraction,dispersion,4,Science,4
Which layer of the Earth's atmosphere contains the ozone layer?,thermosphere,exosphere,stratosphere,mesosphere,3,Science,4
Why do stars twinkle when viewed from Earth?,atmospheric turbulence,gravitational pull,rotation of the Earth,stellar motion,1,Science,4
Which of the following is an example of a renewable energy source?,solar power,coal,natural gas,nuclear power,1,Science,4
Which pair of elements has the most similar properties?,Li and B,I and Ca,K and He,N and P,4,Science,5
What would most likely be measured during an investigation of the water cycle?,precipitation amounts,ozone layer,wind speed,natural gas emissions,1,Science,5
Plate movement can form different features on Earth. The movement of tectonic plates can be both a constructive and a destructive force. At which type of plate boundary is new crust formed?,convergent,subduction,transform,divergent,4,Science,5
"If 1 kg of the compound toluene melts at 95 C, then 500 g of toluene will",melt at 47.5 C,melt at 95 C,boil at 47.5 C,boil at 95 C,2,Science,5
"A calculation based on the chemical energy of gasoline shows that a car should be able to go 100 miles on a gallon of fuel. When the car was driven on a test track, the car only went 25 miles on a gallon of fuel. What accounts for most of the difference?",the mass of the driver and the fuel carried by the car,the wind resistance between the car and the air nearby,the waste heat from the combustion of fuel in the engine,the friction between the tires and the surface of the track,3,Science,5
What is the capital of India?,Mumbai,Delhi,Chennai,Kolkata,2,SocialSciencesHumanities,1
Who is known as the Father of the Indian Constitution?,Sardar Patel,Jawaharlal Nehru,B.R. Ambedkar,Mahatma Gandhi,3,SocialSciencesHumanities,1
Which river is considered sacred in Hinduism and is often referred to as the Ganges?,Yamuna,Saraswati,Ganges,Brahmaputra,3,SocialSciencesHumanities,1
What is the currency of India?,Rupee,Rupiah,Baht,Dinar,1,SocialSciencesHumanities,1
Who was the first Prime Minister of India?,Sardar Patel,Jawaharlal Nehru,Mahatma Gandhi,Rajendra Prasad,2,SocialSciencesHumanities,1
"Who is known as the ""Iron Man of India""?",B.R. Ambedkar,Sardar Patel,Mahatma Gandhi,Jawaharlal Nehru,2,SocialSciencesHumanities,1
"Which Indian state is known as the ""Land of Five Rivers""?",Punjab,Haryana,Assam,Uttar Pradesh,1,SocialSciencesHumanities,1
Which Indian city is famous for its annual Pushkar Fair and Brahma Temple?,Varanasi,Jaipur,Pune,Ajmer,4,SocialSciencesHumanities,1
"Which river is known as the ""Lifeline of Karnataka""?",Krishna River,Tungabhadra River,Kaveri River,Ganges River,3,SocialSciencesHumanities,1
In which year did the Indian Constitution come into effect?,1947,1950,1955,1960,2,SocialSciencesHumanities,1
Who was the first President of India?,Sardar Patel,Jawaharlal Nehru,Rajendra Prasad,Mahatma Gandhi,3,SocialSciencesHumanities,1
Which language is spoken in Japan?,Mandarin,Japanese,Korean,Hindi,2,SocialSciencesHumanities,1
"Who wrote ""Romeo and Juliet""?",Charles Dickens,William Shakespeare,Jane Austen,Mark Twain,2,SocialSciencesHumanities,1
In which year did India gain independence from British rule?,1942,1947,1950,1965,2,SocialSciencesHumanities,2
Which Mughal emperor built the Taj Mahal?,Akbar,Jahangir,Shah Jahan,Aurangzeb,3,SocialSciencesHumanities,2
Which mountain range separates India from China?,Himalayas,Vindhya Range,Western Ghats,Eastern Ghats,1,SocialSciencesHumanities,2
"Which Indian river is often referred to as the ""Sorrow of Bihar"" due to its frequent floods?",Yamuna,Saraswati,Ganges,Brahmaputra,4,SocialSciencesHumanities,2
What is the official language of the Indian state of Maharashtra?,Hindi,Marathi,English,Tamil,2,SocialSciencesHumanities,2
"Which Indian state is known as the ""Spice Garden of India""?",Karnataka,Andhra Pradesh,Kerala,Goa,3,SocialSciencesHumanities,2
Which Mughal emperor commissioned the construction of the Red Fort in Delhi?,Akbar,Jahangir,Shah Jahan,Aurangzeb,3,SocialSciencesHumanities,2
"Which Indian river is also known as the ""Dakshin Ganga""?",Yamuna,Krishna,Ganges,Godavari,4,SocialSciencesHumanities,2
"Who is known as the ""Grand Old Man of India""?",Subhas Chandra Bose,Lala Lajpat Rai,Dadabhai Naoroji,Bipin Chandra Pal,3,SocialSciencesHumanities,2
"Which Indian river is often referred to as the ""Sorrow of Bihar"" due to its frequent floods?",Yamuna,Saraswati,Ganges,Brahmaputra,4,SocialSciencesHumanities,2
What is the official language of the Indian state of Maharashtra?,Hindi,Marathi,English,Tamil,2,SocialSciencesHumanities,2
"Which Indian state is known as the ""Spice Garden of India""?",Karnataka,Andhra Pradesh,Kerala,Goa,3,SocialSciencesHumanities,2
"Which Indian river is also known as the ""Dakshin Ganga""?",Yamuna,Krishna,Ganges,Godavari,4,SocialSciencesHumanities,2
"Who is known as the ""Grand Old Man of India""?",Subhas Chandra Bose,Lala Lajpat Rai,Dadabhai Naoroji,Bipin Chandra Pal,3,SocialSciencesHumanities,2
Who was the first female Prime Minister of India?,Sarojini Naidu,Indira Gandhi,Sucheta Kriplani,Jayalalithaa,2,SocialSciencesHumanities,2
"What is the main ingredient used in the Indian dish ""Biryani""?",Rice,Wheat,Lentils,Barley,1,SocialSciencesHumanities,2
"Which Indian state is known as the ""Land of the Gods""?",Uttarakhand,Himachal Pradesh,Jammu and Kashmir,Sikkim,1,SocialSciencesHumanities,2
What is the official language of the Indian state of West Bengal?,Hindi,Bengali,English,Tamil,2,SocialSciencesHumanities,2
What is the capital city of France?,Berlin,London,Paris,Madrid,3,SocialSciencesHumanities,2
"Who is the author of the novel ""To Kill a Mockingbird""?",J.K. Rowling,George Orwell,Harper Lee,Ernest Hemingway,3,SocialSciencesHumanities,2
What is the capital of Australia?,Wellington,Canberra,Sydney,Auckland,2,SocialSciencesHumanities,2
What is the official language of Brazil?,Spanish,Portuguese,Italian,French,2,SocialSciencesHumanities,2
Which amendment of the U.S. Constitution grants the right to freedom of speech?,First Amendment,Second Amendment,Fifth Amendment,Tenth Amendment,1,SocialSciencesHumanities,2
"Who wrote the famous book ""Discovery of India""?",Jawaharlal Nehru,Rabindranath Tagore,Mahatma Gandhi,Sarojini Naidu,1,SocialSciencesHumanities,3
Who was the first woman Prime Minister of India?,Indira Gandhi,Sarojini Naidu,Pratibha Patil,Mamata Banerjee,1,SocialSciencesHumanities,3
"Who is the author of the famous play ""Tughlaq""?",Girish Karnad,Vijay Tendulkar,Mohan Rakesh,Girish Ghosh,3,SocialSciencesHumanities,3
"Who is the author of the Indian epic ""Ramayana""?",Vyasa,Valmiki,Kalidasa,Tulsidas,2,SocialSciencesHumanities,3
Who is considered the pioneer of Indian classical dance forms like Bharatanatyam and Kathakali?,Rukmini Devi Arundale,Mallika Sarabhai,Sonal Mansingh,Madurai N. Krishnan,1,SocialSciencesHumanities,3
Who was the first woman Chief Minister of an Indian state?,Sarojini Naidu,Indira Gandhi,Sucheta Kriplani,Jayalalithaa,3,SocialSciencesHumanities,3
Who was the first Indian woman to win the Nobel Prize?,Sarojini Naidu,Mother Teresa,Indira Gandhi,Amrita Pritam,2,SocialSciencesHumanities,3
"Which historical event is known as the ""Jallianwala Bagh massacre""?",1919 Amritsar massacre,1857 Indian Rebellion,1942 Quit India Movement,1930 Dandi March,1,SocialSciencesHumanities,3
"Who is the author of the famous play ""Tughlaq""?",Girish Karnad,Vijay Tendulkar,Mohan Rakesh,Girish Ghosh,3,SocialSciencesHumanities,3
Who was the founder of the Maurya Dynasty and the first emperor of the Mauryan Empire?,Ashoka,Chandragupta Maurya,Bindusara,Ajatashatru,2,SocialSciencesHumanities,3
"Who is the author of the Indian epic ""Ramayana""?",Vyasa,Valmiki,Kalidasa,Tulsidas,2,SocialSciencesHumanities,3
Who was the first woman Chief Minister of an Indian state?,Sarojini Naidu,Indira Gandhi,Sucheta Kriplani,Jayalalithaa,3,SocialSciencesHumanities,3
"Which historical event is known as the ""Jallianwala Bagh massacre""?",1919 Amritsar massacre,1857 Indian Rebellion,1942 Quit India Movement,1930 Dandi March,1,SocialSciencesHumanities,3
"Which historical event is known as the ""Salt March"" led by Mahatma Gandhi in 1930?",Champaran Satyagraha,Dandi March,Kheda Satyagraha,Quit India Movement,2,SocialSciencesHumanities,3
What is the highest mountain in the world?,Mount Everest,K2,Kangchenjunga,Lhotse,1,SocialSciencesHumanities,3
In which country is the Amazon Rainforest located?,Brazil,India,Australia,South Africa,1,SocialSciencesHumanities,3
In which year did the United States gain its independence?,1776,1789,1800,1850,1,SocialSciencesHumanities,3
Which river is the longest in the world?,Amazon River,Nile River,Mississippi River,Yangtze River,2,SocialSciencesHumanities,3
Which ancient civilization built the pyramids in Egypt?,Greek,Roman,Mayan,Egyptian,4,SocialSciencesHumanities,3
Who was the first woman to win a Nobel Prize?,Marie Curie,Rosalind Franklin,Dorothy Crowfoot Hodgkin,Gerty Cori,1,SocialSciencesHumanities,3
In which year did the Indian National Congress (INC) adopt the resolution for complete independence?,1929,1937,1942,1947,1,SocialSciencesHumanities,4
In which year was the Indian Space Research Organisation (ISRO) founded?,1969,1972,1983,1991,1,SocialSciencesHumanities,4
What is the oldest known civilization in the Indian subcontinent?,Harappan Civilization,Maurya Empire,Gupta Empire,Mughal Empire,1,SocialSciencesHumanities,4
Who was the founder of the Indian state of Hyderabad?,Asaf Jah I,Mir Osman Ali Khan,Nizam-ul-Mulk,Hyder Ali,1,SocialSciencesHumanities,4
"Who wrote the Indian national song ""Vande Mataram""?",Rabindranath Tagore,Sarojini Naidu,Bankim Chandra Chattopadhyay,Mahatma Gandhi,1,SocialSciencesHumanities,4
"Who is known as the ""Father of Modern Physics""?",Galileo Galilei,Isaac Newton,Niels Bohr,Albert Einstein,4,SocialSciencesHumanities,4
Who is the protagonist in George Orwell's '1984'?,Winston Smith,Julia,Big Brother,Emanuel Goldstein,1,SocialSciencesHumanities,4
"Who wrote the seminal work ""The Wealth of Nations"" that laid the foundation for classical economics?",John Maynard Keynes,Adam Smith,David Ricardo,Karl Marx,2,SocialSciencesHumanities,5
Identify the river that is associated with the Indus Valley Civilization.,Ganges River,Yamuna River,Saraswati River,Indus River,4,SocialSciencesHumanities,5
What is the capital city of Brazil?,São Paulo,Rio de Janeiro,Brasília,Santiago,3,SocialSciencesHumanities,4
"Who is the author of the book ""To Kill a Mockingbird""?",George Orwell,Mark Twain,J.K. Rowling,Harper Lee,4,SocialSciencesHumanities,4
Which country is known as the Land of the Rising Sun?,South Korea,India,China,Japan,4,SocialSciencesHumanities,4
Who was the first President of the United States?,Thomas Jefferson,Abraham Lincoln,George Washington,John Adams,3,SocialSciencesHumanities,4
Which ancient civilization built the Great Wall of China?,Han Dynasty,Shang Dynasty,Qin Dynasty,Ming Dynasty,3,SocialSciencesHumanities,4
"Who composed the famous musical piece ""Symphony No. 9""?",Johann Sebastian Bach,Ludwig van Beethoven,Frederic Chopin,Wolfgang Amadeus Mozart,2,SocialSciencesHumanities,4
Which famous explorer discovered the sea route to India?,Christopher Columbus,James Cook,Vasco da Gama,Ferdinand Magellan,3,SocialSciencesHumanities,4
What is the currency of Russia?,Pound,Euro,Ruble,Dollar,3,SocialSciencesHumanities,4
Who painted the Mona Lisa?,Vincent van Gogh,Claude Monet,Pablo Picasso,Leonardo da Vinci,4,SocialSciencesHumanities,4
What is the name of the longest river in the world?,Nile River,Amazon River,Yangtze River,Mississippi River,1,SocialSciencesHumanities,4
"Who wrote the seminal work ""The Wealth of Nations"" that laid the foundation for classical economics?",John Maynard Keynes,Adam Smith,David Ricardo,Karl Marx,2,SocialSciencesHumanities,5
Which literary work by Dante Alighieri is considered a masterpiece of world literature and an epic poem of the Italian language?,Divine Comedy,Inferno,Purgatorio,Paradiso,1,SocialSciencesHumanities,5
What is the capital city of Germany?,London,Berlin,Paris,Rome,2,SocialSciencesHumanities,5
"Who wrote the famous play ""Romeo and Juliet""?",William Shakespeare,Christopher Marlowe,John Milton,George Orwell,1,SocialSciencesHumanities,5
What is the largest ocean on Earth?,Indian Ocean,Atlantic Ocean,Arctic Ocean,Pacific Ocean,4,SocialSciencesHumanities,5
"Who is known as the ""Father of Modern Philosophy""?",Socrates,Aristotle,Rene Descartes,Plato,3,SocialSciencesHumanities,5
Which country is known as the Land of the Rising Sun?,South Korea,India,China,Japan,4,SocialSciencesHumanities,5
"Who is the author of the book ""1984""?",Aldous Huxley,George Orwell,Ray Bradbury,H.G. Wells,2,SocialSciencesHumanities,5
What is the capital city of Australia?,Sydney,Melbourne,Canberra,Brisbane,3,SocialSciencesHumanities,5
Which literary work by Dante Alighieri is considered a masterpiece of world literature and an epic poem of the Italian language?,Divine Comedy,Inferno,Purgatorio,Paradiso,1,SocialSciencesHumanities,5
What is the main function of an operating system?,process management,memory management,device management,file management,1,Computer,1
What does the acronym 'URL' stand for?,Universal Record Locator,User Revision Limit,Unified Remote Locator,Uniform Resource Locator,4,Computer,1
In Computer networking what does DNS stand for?,Data Node Server,Direct Network Support,Domain Name System,Dynamic Network Service,3,Computer,1
What is the most commonly used programming language for web development?,Python,Java,C++,JavaScript,1,Computer,1
What does the abbreviation CSS stand for in web development?,Centralized Style System,Cascading Style Sheets,Computer Style Script,Customized Style Syntax,2,Computer,1
What is the purpose of a web browser?,to access and view websites,to create documents,to send emails,to play games,1,Computer,1
Which of the following is not an example of a web browser?,Firefox,Google Chrome,Microsoft Word,Safari,3,Computer,1
What is the role of a URL in web browsing?,to specify the address of a webpage,to search the internet,to store bookmarks,to send emails,1,Computer,1
What is the function of an IP address in networking?,to uniquely identify devices on a network,to manage hardware resources,to encrypt data,to create web pages,1,Computer,1
What does HTML stand for in web development?,Hyperlink Text Language,High-Level Markup Language,Hypertext Markup Language,Human Machine Language,3,Computer,1
Which programming language is often used for backend web development?,JavaScript,HTML,Python,C++,4,Computer,1
What is the purpose of a search engine on the internet?,to find information,to create documents,to send emails,to play games,1,Computer,1
What is the main purpose of a computer's CPU?,to execute instructions,to provide internet connectivity,to store data,to display images,1,Computer,1
Which programming language is commonly used for web development and design?,Python,JavaScript,Java,C++,1,Computer,1
What is the main purpose of the Python programming language?,artificial intelligence,general-purpose programming,graphic design,database management,2,Computer,1
What does CPU stand for in computing?,Central Peripheral Unit,Control Processing Unit,Computer Processing Unit,Central Processing Unit,4,Computer,2
Which of the following is a front-end programming language?,Java,Python,JavaScript,C++,3,Computer,2
What is the purpose of a database management system (DBMS)?,to store and manage data,to play games,to send emails,to create web pages,1,Computer,2
What is the primary function of a web server?,to serve web pages to clients,to store data,to provide internet connectivity,to create documents,1,Computer,2
Which of the following is a type of network topology?,Circle,Bus,Square,Star,4,Computer,2
What is the purpose of a router in computer networking?,to forward data packets between computer networks,to create web pages,to encrypt data,to manage hardware resources,1,Computer,2
Which of the following is a relational database management system (RDBMS)?,NoSQL,JSON,MySQL,XML,3,Computer,2
What is the purpose of a firewall in network security?,to block unauthorized access,to create web pages,to manage hardware resources,to provide internet connectivity,1,Computer,2
Which of the following is a type of computer memory?,CPU,GPU,RAM,ROM,3,Computer,2
What is the role of HTML in web development?,to create the structure of web pages,to store data,to provide internet connectivity,to manage hardware resources,1,Computer,2
In Computer science what does GUI stand for?,General User Interface,Graphics Unit Interface,Grouped User Interaction,Graphical User Interface,4,Computer,2
Who developed the C programming language?,Alan Turing,Bill Gates,Dennis Ritchie,Guido van Rossum,3,Computer,2
What is the function of RAM in a Computer?,permanent data storage,temporary data storage,processing instructions,external communication,2,Computer,2
What is the main function of an operating system?,process management,memory management,device management,file management,1,Computer,3
Which of the following is a markup language used for creating web pages?,JavaScript,HTML,Python,CSS,2,Computer,3
Which programming paradigm is associated with object-oriented programming?,OOP,POP,Procedural,Functional,1,Computer,3
What is the purpose of an SSD (Solid State Drive) in a Computer?,permanent data storage,faster data access,processing instructions,external communication,2,Computer,3
Which of the following is an example of a high-level programming language?,Assembly,Machine code,Binary code,Python,4,Computer,3
What is the purpose of an IP address in networking?,identifying a device on a network,measuring internet speed,providing encryption,controlling data flow,1,Computer,3
What does the acronym VPN stand for?,Virtual Public Network,Very Personal Network,Visual Processing Node,Virtual Private Network,4,Computer,3
What does the term 'open-source' mean in software development?,software can be used for commercial purposes only,software is only available to a select group,source code is freely available and can be modified,source code is kept secret and cannot be modified,3,Computer,3
Who is the co-founder of Microsoft along with Bill Gates?,Larry Page,Mark Zuckerberg,Paul Allen,Steve Jobs,3,Computer,4
Which programming language is often used for artificial intelligence?,C++,Java,Python,R,3,Computer,4
Which company developed the first graphical web browser?,Apple,Google,Microsoft,Netscape,4,Computer,4
What is the purpose of a firewall in network security?,blocking unauthorized access,to enhance internet speed,to manage hardware resources,to encrypt data,1,Computer,4
Which programming language is commonly used for web development and design?,Java,Python,C++,JavaScript,4,Computer,4
What is the main purpose of the Python programming language?,artificial intelligence,general-purpose programming,graphic design,database management,2,Computer,4
What does SQL stand for in the context of databases?,Software Question Logic,Server Quality Language,Structured Query Language,Structured Quality Link,3,Computer,4
What is the primary function of a router in a Computer network?,blocking unauthorized access,managing hardware resources,directing data traffic between networks,providing power to devices,3,Computer,4
What is the purpose of a compiler in programming?,debug code,translate source code to machine code,execute code,line numbers,2,Computer,5
Which data structure is typically used to implement a LIFO (Last-In-First-Out) structure?,linked list,stack,queue,array,3,Computer,5
What is the role of an index in a database?,store data permanently,sort data alphabetically,validate user input,speed up data retrieval,4,Computer,5
Which type of network topology connects each network device to a central hub?,ring,star,bus,mesh,2,Computer,5
What is the function of an operating system's kernel?,run applications,manage hardware resources,encrypt data,display graphical user interfaces,3,Computer,5
Which programming language is commonly used for developing mobile applications on Android devices?,Python,C++,Swift,Java,4,Computer,5
What is the purpose of an IP address in computer networking?,play games,identify a device on a network,send emails,store files,2,Computer,5
Which type of cyberattack involves tricking individuals into providing sensitive information?,SQL injection,DOS attack,malware,phishing,4,Computer,5
What is the main function of a firewall in network security?,encrypt data,manage hardware resources,enhance internet speed,block unauthorized access,4,Computer,5
What is the capital city of India?,Mumbai,Chennai,Delhi,Kolkata,3,CivilServices,1
"Which river is known as the ""Ganga of the South""?",Yamuna,Kaveri,Narmada,Ganges,2,CivilServices,1
"Who is known as the ""Iron Man of India""?",Mahatma Gandhi,Sardar Vallabhbhai Patel,Bhagat Singh,Jawaharlal Nehru,2,CivilServices,1
What is the national currency of India?,Dollar,Yen,Rupee,Euro,3,CivilServices,1
When is Independence Day celebrated in India?,15th August,26th January,2nd October,1st May,1,CivilServices,1
"Which Indian state is known as the ""Land of Five Rivers""?",Punjab,Haryana,Uttar Pradesh,Bihar,1,CivilServices,1
Who is the current Prime Minister of India?,Rahul Gandhi,Narendra Modi,Sonia Gandhi,Arvind Kejriwal,2,CivilServices,1
What is the largest state in India by area?,Maharashtra,Uttar Pradesh,Rajasthan,Madhya Pradesh,3,CivilServices,1
"Which Indian city is known as the ""Pink City""?",Jaipur,Agra,Delhi,Mumbai,1,CivilServices,1
Which Indian state is famous for its tea plantations?,Assam,Kerala,Maharashtra,Goa,1,CivilServices,1
Who was the first President of India?,Rajendra Prasad,Sardar Patel,Lal Bahadur Shastri,Jawaharlal Nehru,1,CivilServices,2
In which year did India gain independence?,1945,1947,1950,1952,2,CivilServices,2
Which river is known as the 'Ganga of the South'?,Yamuna,Kaveri,Ganges,Brahmaputra,2,CivilServices,2
Who wrote the Indian National Anthem?,Rabindranath Tagore,Mahatma Gandhi,Jawaharlal Nehru,Sardar Patel,1,CivilServices,2
Which state is known as the 'Land of Five Rivers'?,Haryana,Punjab,Assam,Rajasthan,2,CivilServices,2
What is the capital of Maharashtra?,Mumbai,Pune,Thane,Raipur,1,CivilServices,2
Which festival is known as the 'Festival of Lights' in India?,Holi,Diwali,Eid,Raksha Bandhan,2,CivilServices,2
What is the main ingredient in the Indian dish 'Biryani'?,Rice,Chicken,Lamb,Paneer,1,CivilServices,2
Which Indian state is known as the 'Land of Temples'?,Karnataka,Tamil Nadu,Andhra Pradesh,Maharashtra,2,CivilServices,2
What is the national flower of India?,Lotus,Rose,Jasmine,Sunflower,1,CivilServices,2
Which city is known as the 'City of Lakes' in India?,Udaipur,Jaipur,Jodhpur,Bhopal,1,CivilServices,2
What is the currency of Japan?,Yen,Won,Rupee,Dollar,1,CivilServices,2
Which Indian state is famous for its tea gardens?,Kerala,Assam,Karnataka,Maharashtra,2,CivilServices,3
The Indian Parliament consists of how many houses?,1,2,3,4,2,CivilServices,3
Which Mughal emperor built the Taj Mahal?,Akbar,Aurangzeb,Shah Jahan,Humayun,3,CivilServices,3
The Constitution of India was adopted on which date?,January 26 1949,January 26 1950,January 15 1950,December 25 1947,2,CivilServices,3
Who is known as the 'Father of the Indian Constitution'?,B.R. Ambedkar,Mahatma Gandhi,Jawaharlal Nehru,Sardar Patel,1,CivilServices,3
Which mountain range separates the Indian subcontinent from the Tibetan Plateau?,Himalayas,Western Ghats,Eastern Ghats,Vindhya Range,1,CivilServices,3
Who was the first woman Prime Minister of India?,Indira Gandhi,Sonia Gandhi,Pratibha Patil,Mamata Banerjee,1,CivilServices,3
"Who composed the national song of India, 'Vande Mataram'?",Bankim Chandra Chattopadhyay,Rabindranath Tagore,Mahatma Gandhi,Sardar Patel,1,CivilServices,3
Which river is considered the holiest in Hinduism?,Ganges,Yamuna,Brahmaputra,Sarasvati,1,CivilServices,3
Who is known as the 'Nightingale of India'?,Lata Mangeshkar,Asha Bhonsle,Geeta Dutt,Sarojini Naidu,4,CivilServices,3
Which Indian river is known as the 'Dakshin Ganga'?,Krishna,Ganges,Yamuna,Kaveri,3,CivilServices,3
Who was the founder of the Maurya Dynasty?,Chandragupta Maurya,Ashoka the Great,Bindusara,Kanishka,1,CivilServices,4
"In which year did the Indian Space Research Organisation (ISRO) launch its first satellite, Aryabhata?",1972,1975,1978,1980,1,CivilServices,4
Who was the first woman to receive the Bharat Ratna award?,Indira Gandhi,Mother Teresa,Lata Mangeshkar,Sarojini Naidu,2,CivilServices,4
The 'Battle of Plassey' took place in which year?,1757,1761,1774,1782,1,CivilServices,4
Which Mughal emperor built the Taj Mahal in memory of his wife Mumtaz Mahal?,Shah Jahan,Akbar,Jahangir,Aurangzeb,1,CivilServices,4
Who was the first Indian woman to climb Mount Everest?,Bachendri Pal,Santosh Yadav,Arati Saha,Premlata Agarwal,1,CivilServices,4
"Which Indian state is known as the ""Land of White Elephants""?",Assam,Kerala,Manipur,Arunachal Pradesh,1,CivilServices,4
The 'Chipko Movement' originated in which Indian state?,Uttarakhand,Himachal Pradesh,Assam,Rajasthan,1,CivilServices,4
Who founded the Indian National Congress in 1885?,Allan Octavian Hume,Annie Besant,Bal Gangadhar Tilak,Surendranath Banerjee,1,CivilServices,4
What is the GDP growth rate of India in the fiscal year 2020-21?,8.20%,-7.30%,4.10%,11.50%,2,CivilServices,5
Who is the current Chief Justice of India as of 2024?,D.Y. Chandrachud,Sharad Arvind Bobde,Ranjan Gogoi,Dipak Misra,1,CivilServices,5
In which year was the Goods and Services Tax (GST) implemented in India?,2015,2016,2017,2018,3,CivilServices,5
Which Indian state has the highest literacy rate according to the 2021 census?,Kerala,Goa,Mizoram,Tripura,1,CivilServices,5
What is the total length of the Indian coastline in kilometers?,7516,6100,5433,6862,1,CivilServices,5
Who was the first Governor-General of independent India?,Lord Mountbatten,Rajendra Prasad,C. Rajagopalachari,Lal Bahadur Shastri,3,CivilServices,5
"Which Indian city is known as the ""Pink City""?",Jaipur,Jodhpur,Udaipur,Jaisalmer,1,CivilServices,5
Who was the first woman Prime Minister of India?,Indira Gandhi,Sonia Gandhi,Pratibha Patil,Mamata Banerjee,1,CivilServices,5
In which year did India win its first cricket World Cup?,1983,1975,1987,1992,1,CivilServices,5
"Who wrote the book ""Discovery of India""?",Jawaharlal Nehru,Mahatma Gandhi,Rabindranath Tagore,Subhas Chandra Bose,1,CivilServices,5
What is the highest civilian award in India called?,Bharat Ratna,Padma Vibhushan,Padma Bhushan,Padma Shri,1,CivilServices,5
Which Indian state is the largest producer of coffee?,Karnataka,Kerala,Tamil Nadu,Andhra Pradesh,1,CivilServices,5
"Who is known as the ""Father of the Indian Space Program""?",Vikram Sarabhai,APJ Abdul Kalam,Raghuram Rajan,M. S. Swaminathan,1,CivilServices,5
What is the process of identifying and satisfying customer needs profitably called?,Marketing,Sales,Production,Accounting,1,MarketingSales,1
Which of the following is NOT a marketing strategy?,Selling,Pricing,Product Development,Inventory Management,4,MarketingSales,1
What is a unique feature or benefit that distinguishes a product from its competitors called?,Unique Selling Proposition (USP),Cost of Goods Sold (COGS),Return on Investment (ROI),Revenue Recognition,1,MarketingSales,1
Which element of the marketing mix refers to the methods used to communicate with customers?,Promotion,Product,Price,Place,1,MarketingSales,1
What is the term for a visual representation of data or information used to analyze and interpret trends?,Graph,Table,Paragraph,Equation,1,MarketingSales,1
Which type of advertising is paid for by an organization and is intended to promote its products or services?,Paid Advertising,Word-of-Mouth Advertising,Social Media Influencer Marketing,Guerrilla Marketing,1,MarketingSales,1
What is the process of bringing a new product to market called?,Product Launch,Product Development,Product Maintenance,Product Retirement,1,MarketingSales,1
Which of the following is NOT a traditional marketing channel?,Social Media,Television,Newspaper,Radio,1,MarketingSales,1
What is the term for the group of consumers a company aims its products and marketing efforts toward?,Target Market,Mass Market,Niche Market,Segmented Market,1,MarketingSales,1
Which of the following is NOT a method of market research?,Surveys,Focus Groups,Guesswork,Observational Studies,3,MarketingSales,1
What is the process of determining the price at which a product will be sold?,Pricing Strategy,Product Development,Market Research,Promotion,1,MarketingSales,1
Which element of the marketing mix involves the physical location where a product or service is sold?,Place,Price,Promotion,Product,1,MarketingSales,1
Which term refers to the amount of money left over after all expenses have been deducted from revenue?,Profit,Revenue,Margin,Turnover,1,MarketingSales,1
What is the term for the process of persuading a potential customer to buy a product or service?,Selling,Marketing,Advertising,Promotion,1,MarketingSales,1
Which of the following is NOT a type of distribution channel?,Manufacturer to Wholesaler to Retailer to Consumer,Manufacturer to Consumer,Manufacturer to Retailer to Consumer,Manufacturer to Government to Consumer,4,MarketingSales,1
Which of the following is NOT a component of the marketing mix?,Promotion,Product,Profit,Place,3,MarketingSales,2
In the AIDA model; what does the 'D' stand for?,Desire,Decision,Distribution,Demand,1,MarketingSales,2
What is the term for the process of planning; implementing; and controlling the development; pricing; promotion; and distribution of products and services?,Market analysis,SWOT analysis,Marketing mix,Product lifecycle,3,MarketingSales,2
Which of the following is a social media platform commonly used for marketing purposes?,LinkedIn,Snapchat,TikTok,All of the above,4,MarketingSales,2
What does the acronym SEO stand for in digital marketing?,Search Engine Operation,Site Enhancement Optimization,Search Engine Optimization,Social Engagement Outreach,3,MarketingSales,2
Which of the following is a common method for measuring customer satisfaction?,Net Promoter Score (NPS),Return on Investment (ROI),Earnings Before Interest and Taxes (EBIT),Cost per Click (CPC),1,MarketingSales,2
In the context of marketing what does CRM stand for?,Customer Relationship Management,Cost Reduction Model,Competitive Revenue Metrics,Consumer Response Mechanism,1,MarketingSales,2
Which of the following is a traditional offline advertising channel?,Social media advertising,Email marketing,Television commercials,Banner ads,3,MarketingSales,2
What is the purpose of a SWOT analysis in marketing?,To identify internal strengths and weaknesses and external opportunities and threats,To calculate return on investment,To create a marketing mix,To analyze customer satisfaction,1,MarketingSales,2
Which pricing strategy involves setting prices based on what competitors are charging for similar products?,Cost-plus pricing,Value-based pricing,Competitive pricing,Penetration pricing,3,MarketingSales,2
Which of the following is a form of direct marketing?,Email marketing,Television commercials,Outdoor advertising,Social media advertising,1,MarketingSales,2
Which of the following is a factor considered in the product life cycle?,Introduction date,Product price,Market segmentation,Brand recognition,1,MarketingSales,2
Which of the following is a form of market segmentation based on demographic factors?,Age,Interest,Psychographic,Behavioral,1,MarketingSales,2
What is the primary goal of market segmentation?,Increase product price,Expand market reach,Decrease customer satisfaction,Reduce advertising costs,2,MarketingSales,3
What is the purpose of a Unique Selling Proposition (USP) in marketing?,To differentiate a product or brand from competitors,To lower product prices,To increase production costs,To minimize customer feedback,1,MarketingSales,3
Which pricing strategy involves setting a high initial price and then gradually lowering it over time?,Penetration pricing,Skimming pricing,Psychological pricing,Value-based pricing,2,MarketingSales,3
What is the purpose of a call-to-action (CTA) in advertising?,To provide product specifications,To create brand awareness,To encourage immediate response or sale,To highlight competitor products,3,MarketingSales,3
Which stage of the product life cycle is characterized by a rapid increase in sales and the emergence of competitors?,Introduction,Growth,Maturity,Decline,2,MarketingSales,3
What is the term for a pricing strategy where a product is initially offered at a very low price to capture market share quickly?,Discount pricing,Skimming pricing,Psychological pricing,Penetration pricing,4,MarketingSales,3
What is the main goal of relationship marketing?,To maximize short-term profits,To build long-term customer relationships,To reduce advertising expenses,To lower product prices,2,MarketingSales,3
What is the purpose of a marketing funnel?,To illustrate the steps a customer takes before making a purchase,To calculate the total market share,To determine advertising expenses,To compare product features,1,MarketingSales,3
What is the primary focus of inbound marketing?,Attracting and engaging customers through valuable content,Aggressive sales pitches,Maximizing advertising expenses,Increasing product prices,1,MarketingSales,3
Which marketing metric measures the percentage of people who take a desired action after seeing an advertisement?,Click-through rate (CTR),Cost per click (CPC),Return on investment (ROI),Conversion rate,4,MarketingSales,3
Which of the following is a form of guerrilla marketing?,Viral marketing,Traditional advertising,Direct mail marketing,Telemarketing,1,MarketingSales,3
What is the term for the set of benefits or values a brand promises to deliver to customers?,Brand positioning,Brand extension,Brand loyalty,Brand recognition,1,MarketingSales,3
What is the purpose of market research?,To gather information about consumer preferences and market trends,To increase product prices,To lower production costs,To analyze competitors' advertising strategies,1,MarketingSales,3
"In marketing, what does the acronym USP stand for?",Unique Selling Proposition,Universal Sales Process,Ultimate Service Provider,Underlying Sales Performance,1,MarketingSales,3
What is the term for the process of selecting and describing one or more target markets and developing and maintaining a marketing mix that will produce mutually satisfying exchanges with target markets?,Market segmentation,Market targeting,Market positioning,Market differentiation,2,MarketingSales,3
What is the primary purpose of a marketing plan?,To outline marketing objectives and strategies,To minimize customer feedback,To calculate return on investment,To reduce advertising expenses,1,MarketingSales,3
"What is the term for the process of dividing a market into distinct groups with distinct needs, characteristics, or behavior that might require separate products or marketing strategies?",Market targeting,Market segmentation,Market positioning,Market differentiation,2,MarketingSales,3
Which of the following is NOT a pricing strategy?,Penetration pricing,Competition pricing,Psychological pricing,Market coverage,4,MarketingSales,4
What is the purpose of a market segmentation strategy?,Dividing the market into smaller groups,Targeting only high-income customers,Offering discounts to all customers,Increasing production costs,1,MarketingSales,4
What is the aim of a market positioning strategy?,Creating a unique image for a product,Increasing production costs,Lowering product quality,Expanding market reach,1,MarketingSales,4
Which of the following is a direct marketing channel?,Selling products through catalogs,Selling products through retailers,Selling products through wholesalers,Selling products through agents,1,MarketingSales,4
What is the purpose of market research?,Gathering information about consumers and the market,Advertising products to consumers,Setting high prices for products,Reducing product quality,1,MarketingSales,4
Which of the following is NOT a promotion method?,Product design,Advertising,Public relations,Sales promotion,1,MarketingSales,4
What is the purpose of a marketing plan?,Outlining marketing goals and strategies,Reducing production costs,Increasing product variety,Expanding market reach,1,MarketingSales,4
Which of the following is a characteristic of a monopolistic competition market structure?,Many sellers offering differentiated products,One seller dominating the market,Identical products offered by many sellers,Complete absence of competition,1,MarketingSales,4
What is the concept of cannibalization in marketing?,A strategy to eliminate competitors,The negative impact of a new product on sales of an existing product,The process of rebranding a product,An aggressive pricing strategy,2,MarketingSales,5
What is the primary objective of market segmentation in marketing strategy?,To divide the market into distinct groups with similar needs and characteristics,To maximize profits by targeting all potential customers equally,To minimize competition by monopolizing the market,To reduce marketing expenses by focusing on a single product,1,MarketingSales,5
Which of the following is NOT a stage in the product life cycle?,Maturity,Decline,Expansion,Introduction,3,MarketingSales,5
Which factor is crucial in determining the pricing strategy for a product or service?,Market demand and customer perception,Production costs and overhead expenses,Competitor pricing and market trends,Manufacturer's suggested retail price (MSRP),1,MarketingSales,5
What is the purpose of a customer relationship management (CRM) system in marketing?,To manage interactions and relationships with current and potential customers,To automate production processes and increase efficiency,To monitor employee performance and productivity,To track inventory levels and manage supply chains,1,MarketingSales,5
What is the role of a Chief Marketing Officer (CMO) in a company?,Overseeing financial operations,Managing human resources,Leading the company's marketing strategy and activities,Developing new technologies,3,MarketingSales,5
In the context of marketing what does the term 'churn rate' refer to?,The rate at which employees leave a company,The rate at which customers discontinue using a product or service,The speed of inventory turnover,The frequency of product launches,2,MarketingSales,5
What is the significance of A/B testing in digital marketing?,Evaluating the effectiveness of advertising campaigns,Comparing two versions of a webpage or app to determine which performs better,Calculating customer lifetime value,Analyzing social media engagement,2,MarketingSales,5
Explain the concept of guerrilla marketing and provide an example.,An unconventional and low-cost marketing strategy that aims to create buzz often through surprise or unconventional means. Example: Flash mobs organizing to promote a product or service.,Marketing approach focused on traditional advertising channels, such as TV and radio.,A strategy to maximize advertising expenses for quick results.,1,MarketingSales,5
What is the value of π (pi) to two decimal places?,3.14,3.16,3.18,3.2,1,Mathematics,1
Solve for x: 2x + 5 = 15,x = 5,x = 10,x = 7.5,x = 8,2,Mathematics,1
What is the value of 5! (5 factorial)?,120,60,24,720,1,Mathematics,1
Solve the equation for x: 2x - 7 = 11,x = 9,x = 6,x = 5,x = 7,2,Mathematics,1
"In a right-angled triangle, if one acute angle is 30 degrees, what is the measure of the other acute angle?",45 degrees,60 degrees,90 degrees,75 degrees,2,Mathematics,1
Simplify: (2/3) * (5/8) + (1/4),19/24,07-Dec,13/16,Nov-24,1,Mathematics,2
"In a right-angled triangle, if one acute angle is 45 degrees, what is the measure of the other acute angle?",45 degrees,90 degrees,30 degrees,60 degrees,1,Mathematics,2
"If the sum of the angles in a polygon is 1800 degrees, how many sides does the polygon have?",8,10,12,15,2,Mathematics,2
"If a circle has a radius of 5 cm, what is its circumference? (Use π = 3.14)",15.7 cm,31.4 cm,10.5 cm,20.2 cm,1,Mathematics,2
"If a square has a side length of 8 cm, what is its area?",32 sq cm,64 sq cm,128 sq cm,16 sq cm,2,Mathematics,2
"The area of a rectangle is 72 square centimeters. If the length is 9 cm, what is the width?",8 cm,6 cm,7 cm,10 cm,2,Mathematics,2
If the radius of a circle is 7 cm what is the approximate circumference of the circle? (Take π = 3.14),44 cm,38.5 cm,31.5 cm,15.7 cm,1,Mathematics,2
A car travels at a speed of 60 km/h. How far will it travel in 4 hours?,240 km,200 km,180 km,120 km,1,Mathematics,2
"If the mean of five numbers is 15, and four of the numbers are 12, 18, 15, and 20, what is the fifth number?",15,16,17,18,3,Mathematics,2
Find the value of √(64/81),08-Sep,09-Aug,02-Mar,03-Feb,1,Mathematics,2
"The perimeter of a rectangle is 30 cm, and its length is 10 cm. What is the width of the rectangle?",5 cm,7 cm,8 cm,10 cm,2,Mathematics,2
A circle has an area of 154 square centimeters. What is the approximate radius of the circle? (Take π = 22/7),7 cm,5 cm,14 cm,√154 cm,2,Mathematics,2
"The area of a trapezoid is 45 square units. If the height is 5 units and one base is 8 units, what is the length of the other base?",10 units,9 units,7 units,6 units,2,Mathematics,2
"If a right-angled triangle has legs of lengths 6 cm and 8 cm, what is the length of the hypotenuse?",10 cm,12 cm,14 cm,15 cm,1,Mathematics,2
Find the value of 2⁵ ÷ 2³ × 2²,16,8,4,32,1,Mathematics,2
"A bag contains 5 red balls, 4 green balls, and 3 blue balls. What is the probability of randomly selecting a green ball?",01-Apr,01-Mar,01-May,02-Sep,2,Mathematics,2
A car travels 240 km in 4 hours. What is its average speed in km/h?,50 km/h,60 km/h,70 km/h,80 km/h,2,Mathematics,2
If the square of a number is 144. what is the number?,12,-12,144,-144,1,Mathematics,2
The ratio of the angles in a triangle is 3:4:5. What is the measure of the smallest angle?,30 degrees,45 degrees,60 degrees,90 degrees,1,Mathematics,2
The sum of two consecutive even integers is 38. What are the integers?,16-18,14-16,18-20,20-22,3,Mathematics,2
The perimeter of a square is 32 cm. What is the length of each side?,8 cm,10 cm,12 cm,16 cm,1,Mathematics,2
"If the ratio of the sides of two similar triangles is 3:5, and the area of the smaller triangle is 27 square units, what is the area of the larger triangle?",45 square units,75 square units,81 square units,135 square units,3,Mathematics,3
Simplify: (3/4) * (8/9) + (2/3),13-Jun,07-Sep,19/18,11-Dec,3,Mathematics,3
"The length of a rectangle is 12 cm, and its width is one-fourth of its length. What is the area of the rectangle?",24 sq cm,36 sq cm,48 sq cm,60 sq cm,2,Mathematics,3
"If log₃(x) = 2, what is the value of x?",3,9,27,81,4,Mathematics,3
"A bag contains 6 red balls, 4 blue balls, and 5 green balls. If a ball is drawn at random, what is the probability that it is blue?",02-May,01-Mar,01-Apr,03-May,2,Mathematics,3
The perimeter of a rectangle is 30 cm and its length is 10 cm. What is the width of the rectangle?,5 cm,6 cm,7 cm,8 cm,3,Mathematics,3
"If a triangle has angles in the ratio 3:4:5, what is the measure of the smallest angle?",30 degrees,36 degrees,45 degrees,60 degrees,1,Mathematics,3
Find the value of (2/3) × (5/6) ÷ (1/4),05-Feb,05-Apr,02-Mar,03-Feb,1,Mathematics,3
The sum of three consecutive odd numbers is 63. What are the numbers?,19-21-23,17-19-21,15-17-19,13-15-17,3,Mathematics,3
A right-angled triangle has a hypotenuse of length 13 cm and one leg of length 5 cm. What is the length of the other leg?,12 cm,8 cm,10 cm,6 cm,3,Mathematics,3
"A triangle has side lengths of 8 cm, 15 cm, and 17 cm. Is the triangle a right-angled triangle?",Yes,No,Can't be determined,Not enough information,1,Mathematics,3
"If tanθ = 3/4, find cosθ.",04-May,03-May,04-Mar,05-Apr,3,Mathematics,3
A cylindrical tank has a radius of 5 meters and a height of 10 meters. What is the volume of the tank?,250π m³,125π m³,150π m³,100π m³,1,Mathematics,3
Solve for x: 3(x - 5) = 2(x + 2) - 7,12,-12,6,-6,1,Mathematics,3
The product of two consecutive integers is 120. What are the integers?,10-Nov,09-Oct,11-Dec,None,4,Mathematics,3
The sum of the angles of a polygon is 1080 degrees. How many sides does the polygon have?,6,7,8,9,3,Mathematics,3
Simplify the expression: 2x² - 5x + 3 - (x² - 2x - 1),x² - 3x + 4,x² - 3x + 2,x² - 3x + 1,x² - 3x - 2,1,Mathematics,3
If log₅(x) = 3; what is the value of x?,25,15,5,125,4,Mathematics,3
"A right-angled triangle has a hypotenuse of length 13 cm. If one leg is 5 cm, what is the length of the other leg?",12 cm,8 cm,10 cm,7 cm,3,Mathematics,3
The sum of two consecutive odd integers is 44. What are the integers?,21 and 23,23 and 25,27 and 29,19 and 21,1,Mathematics,4
A train travels 300 km in 5 hours. What is its average speed in km per hour?,60 km/h,55 km/h,65 km/h,70 km/h,1,Mathematics,4
"In a geometric progression, the first term is 3, and the common ratio is 2. What is the fifth term?",81,48,32,16,1,Mathematics,4
"If sinθ = 0.8, what is the value of cosθ?",0.2,0.5,0.6,0.7,3,Mathematics,4
Simplify: √(18) + √(50),2√(2) + 5√(2),√(2) + 5√(2),3√(2) + 5√(2),√(2) + 7√(2),3,Mathematics,4
"The sum of an arithmetic series is 45. If the first term is 5 and the common difference is 3, how many terms are in the series?",10,15,5,8,3,Mathematics,4
Solve the system of equations:2x + y = 10;3x - 2y = 5,x = 3; y = 4, x = 2;y = 6, x = 1; y = 8, x = 4;y = 2,2,Mathematics,4
Simplify the expression: (4x^2 + 7x - 3) - (2x^2 - 5x + 1),2x^2 + 12x - 4,2x^2 + 12x - 2,2x^2 + 2x - 4,2x^2 - 12x + 4,1,Mathematics,4
If log₃(x) = 4; what is the value of x?,81,12,64,48,1,Mathematics,4
Solve the equation for x: 2(x - 3)² = 32,±5,±4,±3,±2,3,Mathematics,4
"If log₂(x) = 4, what is the value of 2^(x/2)?",16,8,32,64,1,Mathematics,5
Who painted the Mona Lisa?,Leonardo da Vinci,Vincent van Gogh,Raphael,Michelangelo,1,PerformingFineArts,1
"Who wrote the play ""Romeo and Juliet""?",William Shakespeare,Mark Twain,Charles Dickens,Jane Austen,1,PerformingFineArts,1
"Which instrument is known as the ""king of musical instruments""?",Flute,Pipe organ,Drums,Guitar,2,PerformingFineArts,1
Which dance form originated in India?,Kathakali,Bharatanatyam,Tango,Salsa,1,PerformingFineArts,1
"Who composed the famous symphony ""Symphony No. 9""?",Wolfgang Amadeus Mozart,Frederic Chopin,Johann Sebastian Bach,Ludwig van Beethoven,4,PerformingFineArts,1
"Who is the author of the famous painting ""The Starry Night""?",Pablo Picasso,Vincent van Gogh,Claude Monet,Leonardo da Vinci,2,PerformingFineArts,1
"Who wrote the famous novel ""To Kill a Mockingbird""?",Mark Twain,Harper Lee,George Orwell,Charles Dickens,2,PerformingFineArts,1
"Which artist is known for his works such as ""The Persistence of Memory"" and ""The Elephants""?",Pablo Picasso,Leonardo da Vinci,Salvador Dalí,Vincent van Gogh,3,PerformingFineArts,1
In Indian classical dance; which style is known for its intricate footwork and vibrant costumes?,Bharatanatyam,Kuchipudi,Kathak,Odissi,1,PerformingFineArts,2
"Which instrument is known as the king of instruments"" in Western classical music?""",Violin,Flute,Organ,Piano,3,PerformingFineArts,2
Which Indian classical music raga is associated with the morning?,Raga Yaman,Raga Bhairav,Raga Todi,Raga Malkauns,1,PerformingFineArts,2
"Who wrote the play Romeo and Juliet""?""",William Shakespeare,Christopher Marlowe,Oscar Wilde,George Bernard Shaw,1,PerformingFineArts,1
"Who composed the famous symphony Ode to Joy""?""",Wolfgang Amadeus Mozart,Ludwig van Beethoven,Franz Schubert,Johannes Brahms,2,PerformingFineArts,2
"Who is known as the Queen of Pop"" in the music industry?""",Madonna,Beyoncé,Janet Jackson,Whitney Houston,1,PerformingFineArts,2
What is the main percussion instrument in a traditional Indian classical music ensemble?,Tabla,Pakhawaj,Mridangam,Dholak,1,PerformingFineArts,2
What is the primary woodwind instrument in an orchestra?,Clarinet,Flute,Oboe,Bassoon,3,PerformingFineArts,2
"Who is known for his iconic thriller"" dance moves in the music video of the song ""Thriller""?""",Michael Jackson,Prince,Elvis Presley,James Brown,1,PerformingFineArts,2
What is the highest female singing voice?,Soprano,Alto,Tenor,Bass,1,PerformingFineArts,2
Which ballet tells the story of a wooden puppet who dreams of becoming a real boy?,The Nutcracker,Swan Lake,Coppélia,Pinocchio,4,PerformingFineArts,2
Who is often referred to as the 'King of Pop'?,Michael Jackson,Elvis Presley,Prince,James Brown,1,PerformingFineArts,2
Who is the lead guitarist of the rock band Queen?,Brian May,Jimmy Page,Eric Clapton,Slash,1,PerformingFineArts,2
Who painted the famous artwork Starry Night?,Leonardo da Vinci,Vincent van Gogh,Pablo Picasso,Claude Monet,2,PerformingFineArts,3
"What is the traditional Japanese theater form that combines drama, music, and dance?",Noh,Kabuki,Bunraku,Kyogen,1,PerformingFineArts,3
Which dance form originated in the Caribbean and involves hip movements to rhythmic music?,Salsa,Merengue,Reggae,Dancehall,4,PerformingFineArts,3
"Which art movement, characterized by bold colors and geometric shapes, emerged in the early 20th century?",Cubism,Impressionism,Surrealism,Abstract Expressionism,1,PerformingFineArts,3
In which country did the tango dance originate?,Argentina,Spain,Italy,Brazil,1,PerformingFineArts,3
"Which famous artist is known for creating The Persistence of Memory"" with melting clocks?""",Pablo Picasso,Salvador Dalí,Claude Monet,Vincent van Gogh,2,PerformingFineArts,3
"Who choreographed the ballet Swan Lake""?""",Marius Petipa,George Balanchine,Isadora Duncan,Anna Pavlova,1,PerformingFineArts,3
"Which famous playwright wrote The Crucible"" and ""Death of a Salesman""?""",Arthur Miller,Tennessee Williams,George Bernard Shaw,Anton Chekhov,1,PerformingFineArts,3
Which film won the Academy Award for Best Picture in 2021?,Nomadland,The Trial of the Chicago 7,Parasite,Green Book,1,PerformingFineArts,3
"In classical Indian dance, what is the term for facial expressions and gestures?",Mudras,Rasas,Talas,Nritya,2,PerformingFineArts,3
Which famous composer is known for his 'Moonlight Sonata'?,Ludwig van Beethoven,Wolfgang Amadeus Mozart,Johann Sebastian Bach,Frederic Chopin,1,PerformingFineArts,3
"In traditional Indian classical dance, which style originates from the state of Odisha?",Odissi,Bharatanatyam,Kuchipudi,Kathak,1,PerformingFineArts,3
In which country did Flamenco dance and music originate?,Spain,Italy,France,Portugal,1,PerformingFineArts,3
What is the main instrument in a traditional Japanese Noh theatre ensemble?,Nohkan flute,Shamisen drum,Taiko drum,Koto harp,1,PerformingFineArts,3
"Which film director is known for his distinct use of long tracking shots, as seen in 'Birdman' and 'The Revenant'?",Alejandro G. Iñárritu,Martin Scorsese,Quentin Tarantino,Christopher Nolan,1,PerformingFineArts,3
"What is the term for a rapid sequence of shots in a film, often used to condense time?",Montage,Close-up,Cutaway,Pan,1,PerformingFineArts,3
In classical ballet what does the term 'pas de deux' refer to?,Dance for two,Group dance,Solo dance,Ensemble dance,1,PerformingFineArts,3
Who directed the 1994 animated film 'The Lion King'?,Roger Allers and Rob Minkoff,John Lasseter,Andrew Stanton,Hayao Miyazaki,1,PerformingFineArts,3
Which Indian classical dance form is known for its elaborate facial expressions and eye movements?,Kathakali,Kuchipudi,Bharatanatyam,Manipuri,1,PerformingFineArts,3
What is the primary woodwind instrument in a jazz band?,Saxophone,Trumpet,Trombone,Clarinet,1,PerformingFineArts,3
Who wrote the play 'Death of a Salesman'?,Arthur Miller,Tennessee Williams,George Bernard Shaw,Anton Chekhov,1,PerformingFineArts,3
"In traditional Japanese Noh theatre, what is the name of the lead actor's mask?",Hannya,Kyōgen,Shite,Waka,3,PerformingFineArts,4
Who is the choreographer known for founding the American Ballet Theatre?,Mikhail Baryshnikov,George Balanchine,Rudolf Nureyev,Agnes de Mille,2,PerformingFineArts,4
"Which composer is famous for his ""Four Seasons"" concertos?",Johann Sebastian Bach,Ludwig van Beethoven,Antonio Vivaldi,Wolfgang Amadeus Mozart,3,PerformingFineArts,4
"Which artist is known for his works ""Les Demoiselles d'Avignon"" and ""Guernica""?",Vincent van Gogh,Leonardo da Vinci,Pablo Picasso,Claude Monet,3,PerformingFineArts,4
Who is considered the father of modern dance?,Martha Graham,Isadora Duncan,Alvin Ailey,Bob Fosse,1,PerformingFineArts,4
"Which opera is known for its famous aria ""Nessun Dorma""?",Carmen,Turandot,La Traviata,The Magic Flute,2,PerformingFineArts,4
Who painted the ceiling of the Sistine Chapel in Vatican City?,Leonardo da Vinci,Raphael,Michelangelo,Vincent van Gogh,3,PerformingFineArts,4
Which ballet tells the story of a young girl who dreams of a Nutcracker Prince on Christmas Eve?,Swan Lake,The Nutcracker,The Sleeping Beauty,Cinderella,2,PerformingFineArts,4
"Who wrote the play ""Death of a Salesman""?",Arthur Miller,Tennessee Williams,Edward Albee,Eugene O'Neill,1,PerformingFineArts,4
"Which composer is known for his famous ""Moonlight Sonata""?",Johann Sebastian Bach,Ludwig van Beethoven,Wolfgang Amadeus Mozart,Frederic Chopin,2,PerformingFineArts,4
"Which artist is known for his works ""The Birth of Venus"" and ""Primavera""?",Leonardo da Vinci,Pablo Picasso,Sandro Botticelli,Vincent van Gogh,3,PerformingFineArts,4
What is the traditional Japanese theatre form involving puppets called?,Bunraku,Kyōgen,Kabuki,Noh,1,PerformingFineArts,4
Who is known as the 'Bharat Ratna of Indian Classical Music'?,Lata Mangeshkar,Pandit Ravi Shankar,M. S. Subbulakshmi,A. R. Rahman,3,PerformingFineArts,5
In which classical dance form would you find the use of the 'Kohlapuri Saaj' jewelry?,Kathak,Bharatanatyam,Kuchipudi,Odissi,4,PerformingFineArts,5
Which Indian musician is credited with popularizing the sarod and collaborated with Western artists like George Harrison?,Ravi Shankar,Amjad Ali Khan,Bismillah Khan,Shivkumar Sharma,1,PerformingFineArts,5
What is the traditional dance-drama of Kerala; known for its elaborate makeup and costumes?,Kathakali,Bharatanatyam,Kuchipudi,Manipuri,1,PerformingFineArts,5
Who composed the famous Hindustani classical music piece 'Raga Charukeshi'?,Ravi Shankar,Anoushka Shankar,Hariprasad Chaurasia,L. Subramaniam,1,PerformingFineArts,5
What is the primary goal of a business?,Minimize costs,Maximize profits,Minimize losses,Maximize expenses,2,Business,1
What is a company's revenue minus its expenses called?,Loss,Profit,Income,Cost,1,Business,1
Which of the following is an example of a service-based business?,Retail store,Manufacturing plant,Consulting firm,Construction company,4,Business,1
Which of the following is a factor of production?,Labor,Competition,Customer,Advertising,2,Business,1
What is the term for the money a business owes to its creditors?,Liabilities,Equity,Assets,Revenue,1,Business,1
What is the economic system in which individuals own and operate businesses for profit?,Capitalism,Communism,Mercantilism,Socialism,3,Business,1
What is the term for a legally binding agreement between two or more parties?,Contract,Transaction,Offer,Agreement,4,Business,1
What is the term for the physical items that a business sells to its customers?,Goods,Services,Products,Merchandise,2,Business,1
Which of the following is a characteristic of a sole proprietorship?,Single owner,Public ownership,Limited liability,Separate legal entity,3,Business,1
Which of the following is an example of a financial institution?,Bank,Software firm,Construction company,Supermarket,2,Business,1
Which financial statement provides an overview of a company's revenues and expenses during a specific period?,Balance Sheet,Income Statement,Cash Flow Statement,Statement of Retained Earnings,2,Business,2
What is the full form of GST in the Indian taxation system?,Goods and Services Tax,Government Service Tax,Gross Sales Tax,Gainful Services Trade,1,Business,2
In business what does ROI stand for?,Return on Investment,Rate of Interest,Revenue of Income,Ratio of Inflation,1,Business,2
Which type of market structure is characterized by a large number of sellers and buyers with identical products?,Monopoly,Oligopoly,Perfect Competition,Monopolistic Competition,3,Business,2
In the context of business what does SWOT stand for?,Strengths-Weaknesses-Opportunities-Threats,Strengths-Workflows-Objectives-Targets,Strategies-Weaknesses-Objectives-Threats,Strategic-Weakness-Objective-Time,1,Business,2
Which Indian organization is responsible for regulating and supervising the insurance sector?,Reserve Bank of India (RBI),Securities and Exchange Board of India (SEBI),Insurance Regulatory and Development Authority of India (IRDAI),Ministry of Finance,3,Business,2
"Which financial statement reports a company's assets, liabilities and shareholders' equity at a specific point in time?",Income Statement,Balance Sheet,Cash Flow Statement,Statement of Retained Earnings,2,Business,2
Which term refers to the total value of goods and services produced by a country in a specific period?,Trade Balance,Gross National Product (GNP),Net Income,Foreign Exchange,2,Business,2
What is the economic term for the total value of all goods and services produced within a country in a specific time period?,Gross Domestic Product (GDP),Net National Product (NNP),Gross National Product (GNP),Net Domestic Product (NDP),1,Business,2
What is the primary function of the Securities and Exchange Board of India (SEBI)?,Regulating stock exchanges,Issuing currency notes,Controlling foreign trade,Enforcing tax policies,1,Business,3
Who is known as the 'Father of Economics'?,John Maynard Keynes,Adam Smith,Karl Marx,Alfred Marshall,2,Business,3
What is the term for the money charged by a lender to a borrower for the use of assets?,Profit,Dividend,Interest,Rent,3,Business,3
Who is responsible for monetary policy in India?,Ministry of Finance,Reserve Bank of India (RBI),Securities and Exchange Board of India (SEBI),Ministry of Commerce and Industry,2,Business,3
What is the legal document that defines a firm's structure purpose and regulations of internal management?,Partnership Agreement,Articles of Association,Memorandum of Association,Certificate of Incorporation,3,Business,3
Which economic indicator measures the average change in prices of goods and services in an economy over time?,Consumer Price Index (CPI),Gross Domestic Product (GDP),Producer Price Index (PPI),Wholesale Price Index (WPI),1,Business,3
What is the primary goal of human resource management (HRM) in an organization?,Maximizing profits,Employee satisfaction and productivity,Market expansion,Cost reduction,2,Business,3
What is the process of turning inputs into outputs with efficiency and effectiveness?,Strategic Planning,Project Management,Operations Management,Supply Chain Management,3,Business,3
Who is known as the 'Oracle of Omaha' and is considered one of the most successful investors of all time?,Bill Gates,Elon Musk,Warren Buffett,Jeff Bezos,3,Business,3
Which concept suggests that a business should operate with the goal of maximizing profits for its owners?,Corporate Social Responsibility (CSR),Stakeholder Theory,Profit Maximization,Wealth Maximization,3,Business,4
A popular Indian clothing brand decides to expand into smaller cities and rural areas. How might this impact their pricing strategies?,Maintain current pricing,Increase prices to reflect higher costs,Decrease prices to reach new customers,Offer location-based pricing,3,Business,4
An Indian pharmaceutical company discovers minor side effects in a medicine. What should they prioritize?,Profits and market share,Public health and safety,Legal compliance only,A combination of all three,2,Business,4
Develop a plan for a small food delivery business. What is your unique selling proposition (USP)?,Variety of cuisines,Competitive pricing,Focus on healthy options,Offering homemade meals,4,Business,4
An Indian car manufacturer considers setting up a plant in Southeast Asia. What are potential advantages?,Lower labor costs,Access to new markets,Both options 1 & 2,None of the above,4,Business,4
Which financial instrument represents ownership in a corporation and a claim on a portion of its assets and earnings?,Options,Futures,Stocks,Bonds,3,Business,5
What is the term for the ratio of a company's profit to its number of shares?,Earnings Per Share (EPS),Price-Earnings Ratio (P/E),Return on Investment (ROI),Dividend Yield,1,Business,5
In international trade what is the main purpose of a Letter of Credit (LC)?,Ensuring quality of goods,Providing insurance coverage,Guaranteeing payment between buyer and seller,Facilitating customs clearance,3,Business,5
What does the term 'Blue Chip Stocks' refer to in the context of financial markets?,High-risk stocks,Stocks of technology companies,Shares of well-established and financially stable companies,Shares with low market capitalization,3,Business,5
In the context of marketing what does the term 'Positioning' refer to?,The physical placement of products on store shelves,Creating a distinct image or identity in the minds of consumers,Setting the price of a product,Developing advertising campaigns,2,Business,5
What is the term for money borrowed to purchase goods or services called?,Investment,Debit,Savings,Credit,4,FinanceAccounting,1
What is the process of setting aside money to be used for a specific purpose in the future called?,Spending,Investing,Saving,Borrowing,3,FinanceAccounting,1
Which of the following is a type of investment that represents ownership in a corporation?,Stock,Savings account,Bond,Certificate of Deposit (CD),1,FinanceAccounting,1
What is the interest rate charged by banks to borrowers called?,Loan rate,Prime rate,Deposit rate,Inflation rate,2,FinanceAccounting,1
Which of the following is NOT a common type of insurance?,Auto insurance,Debt insurance,Health insurance,Life insurance,1,FinanceAccounting,1
What is the term for the process of spreading risk among multiple investments?,Diversification,Concentration,Standardization,Specialization,1,FinanceAccounting,1
Which of the following is a type of tax imposed on goods and services at the point of sale?,Income tax,Corporate tax,Property tax,Sales tax,4,FinanceAccounting,1
What is the term for the amount of money a company earns after subtracting expenses from revenue?,Equity,Loss,Revenue,Profit,4,FinanceAccounting,1
Which of the following is a measure of how quickly an investment can be converted into cash without loss of value?,Liquidity,Stability,Volatility,Profitability,1,FinanceAccounting,1
What is the term for the total market value of all final goods and services produced in a country in a given period of time?,Net National Product (NNP),Gross National Product (GNP),Net Domestic Product (NDP),Gross Domestic Product (GDP),4,FinanceAccounting,1
Which financial statement provides a summary of a company's revenues and expenses during a specific period?,Balance Sheet,Income Statement,Cash Flow Statement,Statement of Retained Earnings,2,FinanceAccounting,2
"In accounting, what does the term 'depreciation' refer to?",Increase in value of an asset,Allocation of the cost of an asset over its useful life,Recording revenue before it is earned,Decrease in value of a liability,2,FinanceAccounting,2
What is the accounting equation?,Assets = Liabilities + Owner's Equity,Revenue - Expenses = Profit,Income - Taxes = Net Income,Cash Inflows - Cash Outflows = Net Cash Flow,1,FinanceAccounting,2
"In India, what is the primary currency used for accounting and financial transactions?",Dollar,Euro,Rupee,Pound,3,FinanceAccounting,2
Which financial statement reports a company's financial position at a specific point in time?,Income Statement,Balance Sheet,Cash Flow Statement,Statement of Retained Earnings,2,FinanceAccounting,2
"In accounting, what is the term for the total revenues minus the total expenses of a company over a specific period?",Profit,Revenue,Gross Income,Net Income,4,FinanceAccounting,2
Which financial statement reports a company's cash inflows and outflows over a specific period?,Income Statement,Balance Sheet,Cash Flow Statement,Statement of Retained Earnings,3,FinanceAccounting,2
What is the term for the process of recording financial transactions in a systematic way?,Financial Planning,Financial Analysis,Bookkeeping,Tax Planning,3,FinanceAccounting,2
What is the primary purpose of an audit in accounting?,To prepare financial statements,To detect and prevent fraud,To promote advertising campaigns,To conduct market research,2,FinanceAccounting,3
What is the main function of the Reserve Bank of India (RBI) in the Indian financial system?,Regulating stock markets,Controlling fiscal policies,Issuing currency and monetary policy regulation,Supervising foreign trade,3,FinanceAccounting,3
Which financial ratio measures a company's ability to meet its short-term obligations with its most liquid assets?,Current Ratio,Return on Investment (ROI),Debt to Equity Ratio,Profit Margin,1,FinanceAccounting,3
What is the role of a chartered accountant in India?,Auditing financial statements,Performing surgery,Designing buildings,Teaching mathematics,1,FinanceAccounting,3
What is the purpose of the Goods and Services Tax (GST) in India?,Regulating stock markets,Controlling fiscal policies,Managing foreign exchange rates,Taxation on goods and services,4,FinanceAccounting,3
What is the primary goal of financial management in a business?,Maximizing profits,Employee satisfaction,Market expansion,Cost reduction,1,FinanceAccounting,3
What is the formula for calculating Return on Investment (ROI)?,ROI = (Net Profit / Total Revenue) * 100,ROI = (Net Income / Total Assets) * 100,ROI = (Net Profit / Cost of Goods Sold) * 100,ROI = (Net Income / Investment Cost) * 100,2,FinanceAccounting,3
Which financial ratio measures the proportion of debt used in a company's capital structure?,Current Ratio,Debt to Equity Ratio,Return on Investment (ROI),Profit Margin,2,FinanceAccounting,3
What is the purpose of a budget in financial management?,To track historical financial performance,To predict future financial performance,To calculate return on investment,To prepare financial statements,2,FinanceAccounting,3
Which accounting principle states that expenses should be recorded in the same period as the revenue they help to generate?,Matching Principle,Consistency Principle,Materiality Principle,Prudence Principle,1,FinanceAccounting,3
What is the role of the Securities and Exchange Board of India (SEBI)?,Issuing currency notes,Regulating stock markets,Controlling fiscal policies,Supervising foreign trade,2,FinanceAccounting,3
"In accounting, what does the term 'amortization' refer to?",Allocation of the cost of an intangible asset over its useful life,Decrease in value of a liability,Increase in value of a fixed asset,Recording revenue before it is earned,1,FinanceAccounting,3
What is the term for the process of borrowing money to purchase assets that have the potential to increase in value over time?,Debt Consolidation,Spending,Investing,Saving,3,FinanceAccounting,4
Which of the following represents the total value of a company's outstanding shares of stock?,Market Capitalization,Net Worth,Enterprise Value,Book Value,1,FinanceAccounting,4
What is the term for a financial instrument that represents ownership in a company and a claim to a portion of its assets and earnings?,Bond,Stock,Index Fund,Mutual Fund,2,FinanceAccounting,4
Which of the following is a type of investment that involves lending money to a government or corporation in exchange for regular interest payments?,Bond,Stock,Real Estate,Commodity,1,FinanceAccounting,4
What is the term for a financial institution that accepts deposits from the public and creates credit?,Investment Bank,Bank,Insurance Company,Hedge Fund,2,FinanceAccounting,4
Which of the following is NOT a characteristic of a bond?,Ownership stake,Issuer,Term to Maturity,Fixed income,1,FinanceAccounting,4
What is the term for the percentage of a company's earnings that is paid out to shareholders in the form of dividends?,Dividend Yield,Payout Ratio,Return on Equity,Price-to-Earnings Ratio,1,FinanceAccounting,4
Which of the following is a measure of a company's financial leverage and indicates the proportion of equity and debt financing used by the company?,Debt-to-Equity Ratio,Current Ratio,Price-to-Book Ratio,Return on Investment,1,FinanceAccounting,4
What is the term for the process of combining several loans into one loan with a single monthly payment?,Refinancing,Debt Consolidation,Debt Settlement,Bankruptcy,2,FinanceAccounting,4
"Which of the following is a type of investment that pools money from multiple investors to buy a diversified portfolio of stocks, bonds, or other securities?",ETF (Exchange-Traded Fund),Mutual Fund,Hedge Fund,Index Fund,2,FinanceAccounting,4
What is the formula for calculating the Price-Earnings Ratio (P/E ratio) in finance?,P/E Ratio = Net Income / Total Assets,P/E Ratio = Total Market Capitalization / Earnings,P/E Ratio = Price per Share / Earnings per Share,P/E Ratio = Dividends per Share / Earnings per Share,3,FinanceAccounting,5
"What is the term for the cost of borrowing funds, usually expressed as a percentage of the loan amount?",Interest Rate,Dividend Yield,Return on Investment (ROI),Earnings per Share (EPS),1,FinanceAccounting,5
What is the primary goal of financial accounting?,To analyze market trends,To prepare tax returns,To provide information about the financial position of a company,To design marketing campaigns,3,FinanceAccounting,5
What is the term for the measure of the sensitivity of the price of a bond or other debt instrument to a change in interest rates?,Yield Curve,Volatility,Duration,Convexity,3,FinanceAccounting,5
Which of the following is a measure of the systematic risk of a security or a portfolio in comparison to the market as a whole?,Alpha,Beta,Jensen's Alpha,Sharpe Ratio,2,FinanceAccounting,5
What is the term for the price at which a security is bought or sold immediately on the market?,Market Price,Par Value,Intrinsic Value,Face Value,1,FinanceAccounting,5
"Which of the following is a financial instrument that derives its value from the performance of an underlying asset, index, currency, or interest rate?",Forward Contract,Derivative,Option,Future,2,FinanceAccounting,5
"What is the term for the rate at which the general level of prices for goods and services is rising, and subsequently, the purchasing power of currency is falling?",Deflation,Inflation,Hyperinflation,Stagflation,2,FinanceAccounting,5
"In finance, what is the term for the measure of a company's financial leverage and is calculated as total debt divided by total equity?",Liquidity Ratio,Debt to Equity Ratio,Profit Margin,Return on Equity (ROE),2,FinanceAccounting,5
What is the main function of the heart?,Digesting food,Pumping blood,Absorbing nutrients,Breathing,2,Healthcare,1
Which organ is responsible for filtering waste products from the blood?,Lungs,Stomach,Liver,Kidneys,4,Healthcare,1
What is the primary function of the lungs?,Filtering blood,Oxygenating blood,Digesting food,Breathing,2,Healthcare,1
What is the role of red blood cells in the body?,Digesting food,Filtering waste,Producing antibodies,Carrying oxygen,4,Healthcare,1
What is the purpose of the immune system?,Producing hormones,Regulating body temperature,Storing energy,Defending against pathogens,4,Healthcare,1
Which nutrient is essential for building and repairing tissues in the body?,Fat,Protein,Vitamin,Carbohydrate,2,Healthcare,1
What is the function of the nervous system?,Regulating body temperature,Sending signals throughout the body,Digesting food,Producing energy,2,Healthcare,1
Which part of the brain is responsible for controlling voluntary movements?,Brainstem,Cerebrum,Cerebellum,Hypothalamus,3,Healthcare,1
What is the purpose of the digestive system?,Producing hormones,Storing oxygen,Breaking down food for absorption,Regulating blood sugar,3,Healthcare,1
Which gland produces insulin to regulate blood sugar levels?,Adrenal gland,Thyroid gland,Pancreas,Pituitary gland,3,Healthcare,1
"Which vitamin is essential for the synthesis of collagen, a protein that helps wounds heal?",Vitamin C,Vitamin A,Vitamin D,Vitamin B12,1,Healthcare,2
What is the normal range for blood pressure in adults?,120/80,90/60,140/90,110/70,1,Healthcare,2
"In human anatomy, which bone is known as the 'collarbone'?",Femur,Humerus,Clavicle,Tibia,3,Healthcare,2
What is the primary function of the kidneys in the human body?,Digestion,Respiration,Excretion,Circulation,3,Healthcare,2
Which of the following is a water-soluble vitamin?,Vitamin A,Vitamin D,Vitamin E,Vitamin B,4,Healthcare,2
What is the common name for the infectious disease varicella?,Measles,Chickenpox,Mumps,Rubella,2,Healthcare,2
"Which organ is responsible for detoxifying the blood, storing glycogen, and producing proteins?",Pancreas,Liver,Kidneys,Lungs,2,Healthcare,2
Which vitamin is synthesized by the skin when exposed to sunlight?,Vitamin A,Vitamin C,Vitamin D,Vitamin K,3,Healthcare,2
What is the main function of the respiratory system?,Pumping blood to the body,Filtering waste from the blood,Exchanging gases with the environment,Digesting food,3,Healthcare,2
Which part of the eye controls the amount of light entering the eye?,Cornea,Iris,Lens,Retina,2,Healthcare,2
What is the name of the smallest unit of life?,Cell,Tissue,Organ,System,1,Healthcare,2
Which part of the respiratory system contains the vocal cords?,Trachea,Bronchi,Larynx,Pharynx,3,Healthcare,2
Which organ produces insulin in the human body?,Liver,Kidneys,Pancreas,Spleen,3,Healthcare,3
What is the medical term for high cholesterol levels in the blood?,Hypercholesterolemia,Hypoglycemia,Hypertension,Hypothyroidism,1,Healthcare,3
Which respiratory disease is characterized by the inflammation of the bronchial tubes?,Asthma,Pneumonia,Tuberculosis,Emphysema,1,Healthcare,3
What is the main component of red blood cells that carries oxygen?,Hemoglobin,Insulin,Adrenaline,Thyroxine,1,Healthcare,3
Which of the following is a symptom of dehydration?,Increased urination,Excessive sweating,Dry mouth and throat,Blurred vision,3,Healthcare,3
Which gland in the human body regulates metabolism?,Pituitary gland,Thyroid gland,Adrenal gland,Pancreas,2,Healthcare,3
Which disease is caused by a deficiency of insulin or the body's inability to use insulin properly?,Type 1 Diabetes,Type 2 Diabetes,Gestational Diabetes,Insipidus Diabetes,2,Healthcare,3
What is the medical term for inflammation of the joints?,Arthritis,Osteoporosis,Fibromyalgia,Lupus,1,Healthcare,3
Which of the following is a contagious respiratory infection caused by bacteria?,Influenza,Tuberculosis,Pneumonia,Bronchitis,2,Healthcare,3
Which substance is responsible for the clotting of blood?,Platelets,Plasma,Red blood cells,White blood cells,1,Healthcare,3
What is the medical term for high blood pressure?,Hypotension,Hypertension,Hypoglycemia,Hyperthyroidism,2,Healthcare,3
Which of the following is a non-communicable disease?,Influenza,HIV/AIDS,Malaria,Diabetes,4,Healthcare,3
Which hormone is responsible for regulating blood sugar levels?,Insulin,Glucagon,Cortisol,Adrenaline,1,Healthcare,3
What is the medical term for the inflammation of the appendix?,Appendicitis,Gastritis,Hepatitis,Colitis,1,Healthcare,3
Which of the following is a viral infection affecting the respiratory system?,Hepatitis B,Influenza,Measles,Tuberculosis,2,Healthcare,3
What is the primary function of the spleen in the human body?,Filtering and purifying blood,Storing bile,Producing insulin,Digesting food,1,Healthcare,3
Which part of the digestive system is responsible for absorbing nutrients from food?,Stomach,Small intestine,Large intestine,Esophagus,2,Healthcare,3
What is the medical term for the condition in which the heart's blood supply is blocked or reduced?,Aneurysm,Heart attack,Stroke,Angina,2,Healthcare,3
Which of the following is a sexually transmitted infection caused by a bacterium?,Gonorrhea,Herpes,Syphilis,HIV/AIDS,1,Healthcare,3
What is the main function of the gallbladder in the digestive system?,Storing bile,Producing insulin,Filtering blood,Digesting proteins,1,Healthcare,3
Which of the following is a viral infection affecting the liver?,Hepatitis B,Hepatitis C,Hepatitis A,Cirrhosis,2,Healthcare,3
What is the medical term for the inflammation of the liver?,Cirrhosis,Gastritis,Hepatitis,Appendicitis,3,Healthcare,3
Which of the following is a fungal infection of the skin?,Eczema,Psoriasis,Athlete's foot,Rosacea,3,Healthcare,3
What is the medical term for the loss of memory?,Amnesia,Dementia,Alzheimer's,Coma,1,Healthcare,4
What is the leading cause of blindness in adults worldwide?,Cataracts,Glaucoma,Macular degeneration,Diabetic retinopathy,3,Healthcare,4
What is the function of the cerebellum in the human brain?,Memory processing,Muscle coordination,Breathing regulation,Sensory perception,2,Healthcare,4
What is the medical term for the loss of bone density often associated with aging?,Arthritis,Osteoporosis,Osteoarthritis,Rheumatoid arthritis,2,Healthcare,4
Which of the following is a symptom of a heart attack?,Persistent cough,Chest pain or discomfort,Blurred vision,Upset stomach,2,Healthcare,4
Which of the following is a method of contraception that involves the surgical cutting or blocking of the vas deferens?,Tubal ligation,Vasectomy,IUD,Condom,2,Healthcare,4
What is the medical term for difficulty in swallowing?,Dyspepsia,Dysphagia,Dyspnea,Dysuria,2,Healthcare,4
"Which of the following is a condition characterized by irregular menstrual cycles, excess hair growth, and obesity?",Endometriosis,Polycystic ovary syndrome (PCOS),Premenstrual syndrome (PMS),Ovarian cancer,2,Healthcare,4
Which part of the brain is responsible for regulating basic bodily functions such as breathing and heart rate?,Cerebrum,Cerebellum,Medulla oblongata,Thalamus,3,Healthcare,4
What is the medical term for the loss of consciousness and muscle strength due to a sudden drop in blood pressure?,Seizure,Syncope,Hallucination,Paralysis,2,Healthcare,4
Which of the following is a neurodegenerative disorder characterized by tremors and muscle rigidity?,Alzheimer's disease,Parkinson's disease,Huntington's disease,Multiple sclerosis,2,Healthcare,4
Which gland in the endocrine system regulates sleep-wake cycles and melatonin production?,Pituitary gland,Thyroid gland,Adrenal gland,Pineal gland,4,Healthcare,4
Which diagnostic imaging technique uses strong magnetic fields and radio waves to generate detailed images of the body's internal structures?,CT scan,MRIs,PET scan,Ultrasound,2,Healthcare,5
What is the name of the chronic inflammatory disease that primarily affects the joints and surrounding tissues?,Rheumatoid arthritis,Osteoarthritis,Fibromyalgia,Gout,1,Healthcare,5
"What is the medical term for the condition characterized by difficulty in breathing, especially when lying down?",Asthma,Bronchitis,Sleep apnea,Emphysema,3,Healthcare,5
Which part of the human eye is responsible for adjusting the size of the pupil to control the amount of light entering?,Cornea,Iris,Lens,Retina,2,Healthcare,5
"What is the name of the condition characterized by a sudden, severe, and sharp pain often felt in the chest or abdomen?",Migraine,Sciatica,Angina,Pancreatitis,3,Healthcare,5
What is the function of the cochlea in the ear?,Balancing,Pumping blood,Hearing,Filtering waste,3,Healthcare,5
Which hormone is responsible for regulating metabolism in the body?,Estrogen,Testosterone,Thyroid hormone,Insulin,3,Healthcare,5
What is the purpose of the lymphatic system?,Digesting food,Regulating body temperature,Transporting lymph and fighting infection,Storing energy,3,Healthcare,5
Which part of the brain is responsible for regulating basic functions such as breathing and heart rate?,Cerebrum,Brainstem,Cerebellum,Thalamus,2,Healthcare,5
What is the main function of the cerebrospinal fluid (CSF) in the brain?,Protecting against infection,Transporting oxygen,Regulating body temperature,Cushioning and supporting the brain,4,Healthcare,5
